{"cameraMode":{"drawMode":0,"name":"Shaded","section":"Shading Mode"},"sceneLighting":true,"audioPlay":false,"sceneViewState":{"showFog":true,"showMaterialUpdate":false,"showSkybox":true,"showFlares":true,"showImageEffects":true,"showParticleSystems":true},"in2DMode":false,"pivot":{"x":7.91357421875,"y":4.358634948730469,"z":7.880859375},"rotation":{"x":0.004330660216510296,"y":-0.9573436975479126,"z":0.014360843226313591,"w":0.2886018753051758},"size":1.251611351966858,"orthographic":true}